Column Name,t-value,p-value,Reject Null or Accept Null
V25,-18.753122555439454,2.3116014786052493e-72,Reject Null the Hypothesis
V24,-23.41265824517214,3.1332589394512413e-107,Reject Null the Hypothesis
V26,-20.406068432517248,3.6184888452032878e-84,Reject Null the Hypothesis
V28,-21.664907584005928,1.3715259876677955e-93,Reject Null the Hypothesis
